German,Russian,archways,арочные
German,Russian,hunch,догадкой
English,Russian,erupted,извергался
English,Russian,penetrate,проникнуть
English,Russian,coincide,совпадать
English,Russian,devote,посвятить
English,Russian,slewing,поворотные
English,Russian,commissioned,по заказу
English,Russian,utterly,крайне
English,Russian,dwelt on,остановился на
English,Russian,fury,ярость
English,Russian,strident,скрипучий
English,Russian,vehemence,горячность
English,Russian,forgery,подделка
English,Russian,whack,удар
English,Russian,discern,разглядеть
English,Russian,astounding,поразительный
English,Russian,insanely,безумно
English,Russian,rattling,грохочущий
English,Russian,sniffing,нюхают
English,Russian,spared,пощадил
English,Russian,flew,вылетел
English,Russian,unleashing,развязывание
English,Russian,skyward,ввысь
English,Russian,flouting,попирая
English,Russian,sobriety,трезвость
English,Russian,perpetual,вечный
English,Russian,decipher,расшифровывать
English,Russian,plight,положение
English,Russian,thigh,бедро
English,Russian,holster,кобура
English,Russian,massacred,убиты
English,Russian,dragged,тащили
English,Russian,gutted,потрошеная
English,Russian,scarcely,едва
English,Russian,blizzard,метель
English,Russian,coward,трус
English,Russian,wiped out,уничтожены
English,Russian,immensely,очень
English,Russian,had managed,удалось
English,Russian,refuge,убежище
English,Russian,insane,безумный
English,Russian,shredded,дробленый
English,Russian,torn,порванный
English,Russian,lungs,легкие
English,Russian,asset-recovery,активов восстановления
English,Russian,delineation,определение
English,Russian,unmolested,беспрепятственно
English,Russian,pond,пруд
English,Russian,whorls,обороты
English,Russian,haze,дымка
English,Russian,groans,стоны
English,Russian,proclivity,склонность
English,Russian,overwhelmed,перегружены
English,Russian,curvature,кривизна
English,Russian,hull,корпус
English,Russian,Slope,наклон
English,Russian,over-saturated,перенасыщен
English,Russian,albeit,хотя
English,Russian,congestion,скопление
English,Russian,participants,участники
English,Russian,exhibit,экспонат
English,Russian,adversary,противник
English,Russian,tight,плотно
English,Russian,rigorous,тщательный
English,Russian,bid,заявка
English,Russian,anemic,анемичными
English,Russian,earthquake,землетрясение
English,Russian,nifty,щегольской
English,Russian,arbitrary,произвольный
English,Russian,Skew,косой
English,Russian,surpassed,превзошел
English,Russian,transparency,прозрачность
English,Russian,cushion,подушка
English,Russian,conceive,зачать
English,Russian,sharp,острый
English,Russian,claws,когти
English,Russian,mingles,смешивается
English,Russian,revenue,выручка
English,Russian,book,заказать
English,Russian,Revenue,доход
English,Russian,alleviate,облегчать
English,Russian,bigots,фанатиков
English,Russian,glimpse,проблеск
English,Russian,omniscient,всезнающий
English,Russian,urge,побуждать
English,Russian,ducked out,смылись
English,Russian,clash,столкновение
English,Russian,virtues,добродетели
English,Russian,cripple,калечить
English,Russian,cues,сигналы
English,Russian,Transparency,прозрачность
English,Russian,tougher,жестче
English,Russian,remunerative,доходный
English,Russian,hurricane,ураган
English,Russian,Allure,очарование
English,Russian,brochures,брошюры
English,Russian,cozy,уютный
English,Russian,cope,справляться
English,Russian,itinerary,маршрут
English,Russian,thrives,процветает
English,Russian,haywire,непрочный
English,Russian,employ,использовать
English,Russian,Futzing,возиться
English,Russian,plonk,дешевое вино
English,Russian,lag,отставание
English,Russian,pesky,надоедливый
English,Russian,drastic,решительный
English,Russian,victimized,жертвами
English,Russian,innocuous,безобидный
English,Russian,burden,бремя
English,Russian,victim,жертва
English,Russian,court,суд
English,Russian,rears,тылы
English,Russian,spans,пролеты
English,Russian,humbled,смирение
English,Russian,worthwhile,стоит
English,Russian,Despite,несмотря на
English,Russian,Treat,рассматривать
English,Russian,build up,наращивать
English,Russian,spit out,выложит
English,Russian,foundation,основа
English,Russian,bear,нести
English,Russian,loom,угрожающие
English,Russian,loom,маячат
English,Russian,spate of,волна
English,Russian,feisty,энергичный
Russian,English,напористый,pushy
English,Russian,awkward,неуклюжий
English,Russian,far-reaching,далеко идущий
English,Russian,hesitate,колебаться
English,Russian,cast,литье
English,Russian,inclined,склонный
English,Russian,recognizing,признавая
English,Russian,spot,пятно
English,Russian,retailing,розничная торговля
English,Russian,chasms,пропасти
Russian,English,решения,decision
English,Russian,ramifications,последствия
English,Russian,remedy,средство
English,Russian,disruption,нарушение
English,Russian,flawed,недостатки
English,Russian,despite,несмотря на
English,Russian,merit,заслуга
English,Russian,nursing staff,медперсонал
English,Russian,crucially,принципиально
English,Russian,rear,задний
English,Russian,considerable,значительный
English,Russian,emphasized,подчеркнул
English,Russian,wander off,блуждать
English,Russian,unbearable,невыносимо
English,Russian,blunt,тупой
English,Russian,hut,хижина
English,Russian,flinch,вздрогнуть
English,Russian,jaw,челюсть
English,Russian,rubs,трется
English,Russian,cliff,утес
English,Russian,lake,озеро
English,Russian,shore,берег
English,Russian,gaze,посмотреть
English,Russian,forgo,отказываться
English,Russian,obstacles,препятствия
English,Russian,trail,тропа
English,Russian,wades out,броды из
English,Russian,hike,поход
English,Russian,washes,моет
English,Russian,troops,войска
English,Russian,glare,яркий свет
English,Russian,props,реквизит
English,Russian,butt,приклад
English,Russian,struggle to,бороться с
English,Russian,groaning on the carpet,стонет на ковре
English,Russian,SUV,внедорожник
English,Russian,i aim,я стремлюсь
English,Russian,van,фургон
English,Russian,jerks,дергается
English,Russian,looks up,смотрит вверх
Russian,English,ворчать,grumble
English,Russian,demolished,разрушенный
English,Russian,sharply,резко
English,Russian,inhales,вдыхает
English,Russian,steadily,неуклонно
English,Russian,treat,лечить
English,Russian,debris,мусор
English,Russian,soothing,успокаивающий
English,Russian,wounds,раны
English,Russian,wreckage,крушение
English,Russian,whistle,свисток
English,Russian,cannon,пушка
English,Russian,orb,шар
English,Russian,mesmerized,загипнотизированный
English,Russian,reveal,раскрывать
English,Russian,waxy,восковой
English,Russian,dwell on,останавливаться на
English,Russian,cupboard,шкаф
English,Russian,sort through,по полочкам
English,Russian,bittersweet,горьковато-сладкий
English,Russian,up there,там
English,Russian,shiver,дрожь
English,Russian,pointedly,многозначительно
English,Russian,yelp,визг
English,Russian,torturing,мучить
English,Russian,load of crap,чушь
English,Russian,trucks,грузовики
English,Russian,flanked by,по бокам
English,Russian,jerks,конвульсии
English,Russian,politely,вежливо
English,Russian,yell,кричать
English,Russian,screams,крики
English,Russian,palms,ладони
English,Russian,wrist,запястье
English,Russian,chin,подбородок
English,Russian,squeeze down,выжать вниз
English,Russian,herd of,стадо
English,Russian,stares,смотрит
English,Russian,orphanage,сиротство
English,Russian,dyed,окрашенный
English,Russian,startles,поражает
English,Russian,skewed,перекос
English,Russian,pride,гордость
English,Russian,exposure,воздействие
English,Russian,render,оказывать
English,Russian,cliquish,cliquish
English,Russian,laid out,выложил
English,Russian,subtler,тоньше
Russian,English,являться результатом,be the result
English,Russian,favor,пользу
English,Russian,pluck off,обрывать
English,Russian,narrow,узкая
English,Russian,spawn,икру
English,Russian,Forgetting,Забыв
English,Russian,entail,влечет за собой
English,Russian,misuse,злоупотребление
English,Russian,convince,убедить
English,Russian,engaged in,занимается
English,Russian,frivolous,легкомысленный
English,Russian,ramification,разветвление
English,Russian,birdie,птичка
English,Russian,feasibility,целесообразность
English,Russian,span,оболочка
English,Russian,juncture,стык
English,Russian,endure,терпеть
English,Russian,preach,проповедуйте
English,Russian,dispensing advice,раздачи совет
English,Russian,wipe,протрите
English,Russian,finesse,утонченность
English,Russian,insulation,изоляция
English,Russian,Cleverness,Остроумие
English,Russian,Cleverness,Одаренность
English,Russian,corollary,следствием
English,Russian,pick,выбрать
English,Russian,elapse,пройти
English,Russian,rigorous,строгое
English,Russian,exhibit,выставить
English,Russian,arbitrary,произвольное
English,Russian,ramification,ветвления
English,Russian,ties,связи
English,Russian,subtle,тонкое
English,Russian,clairvoyant,ясновидящая
English,Russian,inferior,хуже
English,Russian,sensible,разумным
English,Russian,plausible,правдоподобным
English,Russian,myopic,близорукий
English,Russian,recall,"напомним,"
English,Russian,coins,монеты
English,Russian,potion,зелье
English,Russian,consecutive,подряд
English,Russian,score,оценка
English,Russian,punt,плоскодонки
English,Russian,seek out,искать
English,Russian,ray of hope,Луч надежды
English,Russian,ray,луч
English,Russian,evident,"очевидно,"
English,Russian,accommodate,разместить
English,Russian,appreciate,оценить
English,Russian,booking,бронирование
Russian,English,действовать,act
Russian,English,количество очков,score
English,Russian,bookkeeping,бухгалтерия
English,Russian,so far,до сих пор
English,Russian,subtle,тонкий
Russian,English,всасывать,suck
English,Russian,wind up,заводить
English,Russian,throttled,задушил
English,Russian,with regards to,по отношению к
English,Russian,Whereas,в то время как
English,Russian,paced,темп
English,Russian,digressions,экскурсы
English,Russian,contend for,бороться за
English,Russian,mandatory,обязательный
English,Russian,stacking,укладка
English,Russian,peculiarities,особенности
English,Russian,demanding,требующий
English,Russian,along with,вместе с
English,Russian,implode,взрываться
English,Russian,Arbitrarily,произвольно
English,Russian,leaps,прыжки
English,Russian,grief,горе
English,Russian,zip,застежка-молния
English,Russian,Fancy,воображение
English,Russian,cheap,дешево
English,Russian,rebels,повстанцы
English,Russian,shame,позор
English,Russian,defied,бросил вызов
English,Russian,blow up,взорвать
English,Russian,hush,тишина
English,Russian,your hands will be tied,Ваши руки будут связаны
English,Russian,as a last resort,в крайнем случае
English,Russian,Flawed,Проблемные
English,Russian,Handling Ambiguity,Обращение Неоднозначность
English,Russian,tackle,снасти
English,Russian,advise,консультировать
English,Russian,slacks,широкие брюки
English,Russian,teammate,товарищ по команде
English,Russian,horribly,ужасно
English,Russian,Sloppy,небрежный
English,Russian,favor,благоприятствовать
English,Russian,Rehearse,репетировать
English,Russian,perks,льготы
English,Russian,Crowd,толпы
English,Russian,tough,тяжелый
English,Russian,ambiguous,двусмысленный
English,Russian,regretfully,с сожалением
English,Russian,Frankly,откровенно
English,Russian,Insightful,Проницательный
English,Russian,Genuine,подлинный
English,Russian,influencing,влияющим
English,Russian,wore,носили
English,Russian,hygiene,гигиена
English,Russian,A lack of,Отсутствие
English,Russian,“enthusiastic endorser ”,"""Энтузиазма индоссант"""
English,Russian,arrogance,высокомерие
English,Russian,excel,превосходить
English,Russian,lunch,обед
English,Russian,tough,жестко
English,Russian,disorganized,дезорганизованный
English,Russian,proactive,активно
English,Russian,discouraged,рекомендуется
English,Russian,stress,напряжение
English,Russian,grill,гриль
English,Russian,idiosyncrasies,идиосинкразии
English,Russian,quirks,причуды
English,Russian,sought out,разыскал
English,Russian,wondered,задавались
English,Russian,wondered,"интересно,"
English,Russian,get pounded,загнаны
English,Russian,Likewise,также
English,Russian,varied,разнообразный
English,Russian,sane,здравомыслящий
English,Russian,myriad,мириады
English,Russian,riddled,пронизана
English,Russian,struggled,изо всех сил
English,Russian,twist on,крутить на
English,Russian,Though the interviewers,Хотя интервьюеры
English,Russian,sway,власть
English,Russian,referred,упоминается
English,Russian,"Were we being too harsh, we wondered?","Если бы мы слишком резок, интересно?"
English,Russian,“passable”,"""Сносно"""
English,Russian,walked out,вышел
English,Russian,well-worth,хорошо стоит
English,Russian,excited,возбужденный
English,Russian,flawlessly,безупречно
English,Russian,Talk Out Loud,Поговорите вслух
English,Russian,neglect,пренебрежение
English,Russian,on the spot,на месте
English,Russian,whip up,на скорую руку
English,Russian,whip up,расшевелить
English,Russian,overwhelming,подавляющий
English,Russian,fledged,оперившийся
English,Russian,collaborator,соратник
English,Russian,forcing,вынуждая
English,Russian,forcing,принуждение
English,Russian,altering,изменяющий
English,Russian,held accountable,привлечены к ответственности
English,Russian,deferred,отложенный
Russian,English,исчерпанный,exhausted
English,Russian,encouraged,поощряется
English,English,baudrate,baudrate
English,Russian,offensive,наступление
English,Russian,carpenter,плотник
English,Russian,followed by,с последующим
English,Russian,presence,наличие
English,Russian,recovery,восстановление
English,Russian,achievements,достижения
English,Russian,idle state,состояние покоя
English,Russian,centigrade,стоградусный
Russian,English,простой,simple
English,Russian,must issue,должен выдать
English,Russian,derive,получать
English,Russian,nonvolatile,энергонезависимый
English,Russian,issue,вопрос
English,Russian,presence,присутствие
English,Russian,retain,сохранять
Russian,English,электронный блокнот,scratchpad
English,Russian,Fluent,беглый
English,Russian,shipment,груз
English,Russian,reside on,находиться на
English,Russian,opposed,против
English,Russian,outlining,изложением
English,Russian,leverage,рычаги
English,Russian,modest,скромный
English,Russian,discrepancy,несоответствие
English,Russian,tweaking,доводка
English,Russian,fancy,воображение
English,Russian,Undeniably,Бесспорно
English,Russian,round,круглый
English,Russian,velocity,скорость
English,Russian,restrictive,ограничительный
English,Russian,oxen,рогатый скот
English,Russian,shovel,лопата
English,Russian,idle,праздный
English,Russian,blossom,цвести
English,Russian,paraphrase,пересказ
English,Russian,flimsy,хлипкий
English,Russian,batch,пакет
English,Russian,food truck,грузовик питания
English,Russian,truck,грузовик
English,Russian,franchise,привилегия
English,Russian,convergence,конвергенция
English,Russian,descent,спуск
English,Russian,tightest,сжатые
English,Russian,surfaces,поверхности
English,Russian,curious,любопытный
English,Russian,sufﬁcient,достаточный
English,Russian,cap,крышка
English,Russian,decree,указ
English,Russian,snowﬂake,снежинка
English,Russian,bear,иметь
English,Russian,tangible,ощутимый
English,Russian,asset,актив
English,Russian,crusade,поход
English,Russian,crusade,крестовый поход
English,Russian,you can’t pay the bills,вы не можете платить по счетам
English,Russian,prudence,благоразумие
English,Russian,Every once in awhile,Каждый раз в некоторое время
English,Russian,Crusader,рыцаря
English,Russian,dull,скучным
English,Russian,dull,тупой
English,Russian,ongoing,постоянный
English,Russian,lucrative,прибыльный
English,Russian,plumbing,водопровод
English,Russian,Cheer up,Не унывайте
English,Russian,Evergreen,вечнозеленый
English,Russian,Upsell,более дорогого товара
English,Russian,Urgency,срочность
English,Russian,excitement,волнение
English,Russian,unmet,неудовлетворенная
English,Russian,thrill,трепет
English,Russian,leap,прыжок
English,Russian,renowned,знаменитый
English,Russian,inevitably,неизбежно
English,Russian,whitewater rafting,сплав по рекам
English,Russian,pursuing,преследуя
English,Russian,worthwhile,стоящее
English,Russian,worthless,никчемный
English,Russian,outraged,возмущены
English,Russian,ethically,этично
English,Russian,dubious,сомнительный
English,Russian,rescind,аннулировать
English,Russian,admission,вход
English,Russian,rescinding,Отмену
English,Russian,fateful,роковой
English,Russian,chaff,отбросы
English,Russian,to wade,пробираться
English,Russian,haphazard,случайный
English,Russian,barefoot,босиком
English,Russian,ragamuffin,оборванец
English,Russian,entrepreneur,предприниматель
English,Russian,gauntlet,рукавица
English,Russian,Frustration leads to burnout.,Разочарование ведет к выгоранию.
English,Russian,ladder,лестница
English,Russian,Climbing,восхождение
English,Russian,died on the vine,умер на корню
English,Russian,vine,лоза
English,Russian,haunting,бродит
English,Russian,vacation,отпуск
English,Russian,tidbit,лакомый кусок
English,Russian,obsession,одержимость
English,Russian,in favor of,в пользу
English,Russian,ship inventory,инвентаризации корабль
English,Russian,scent,запах
English,Russian,shelf,полка
English,Russian,marvel,чудо
English,Russian,stakes,ставки
English,Russian,retailers,розничные
English,Russian,participated,участие
English,Russian,boggled,Поражает
English,Russian,sheer,чистый
English,Russian,swept,прокатилась
English,Russian,expensive credential,дорого учетных
English,Russian,I briefly considered enrolling,Я кратко рассмотрены поступления
English,Russian,peers,сверстники
English,Russian,fast track to corporate success,быстрый трек для успеха организации
English,Russian,burden of debt,бремя задолженности
English,Russian,scholarships,стипендии
English,Russian,freaking out,бесконтрольного поведения
English,Russian,venture off,предприятие от
English,Russian,Uncertainty is an ever-present,Неопределенность является вездесущим
English,Russian,noticing,замечающий
English,Russian,comprehensive,комплексный
English,Russian,rocket,ракета
English,Russian,from solo operations,от персональных операций
English,Russian,that provide most of the value,", которые обеспечивают большую часть стоимости"
English,Russian,difference,разница
English,Russian,"fundamentals of sound business practice,","Основы звучания деловой практики,"
English,Russian,an entrepreneur,предприниматель
English,Russian,accomplish,достичь
English,Russian,accomplish,выполнять
English,Russian,conquered,завоеванный
English,Russian,Bear in mind,Иметь в виду
English,Russian,inkling,намек
English,Russian,deselected,снят
English,Russian,deselected,отменен
English,Russian,insisted,настаивал
English,Russian,valve,кран
English,Russian,moonlighting,совместительство
English,Russian,endeavoured,пытался
English,Russian,KEEP AN AUDIT TRAIL,ХРАНИТЬ аудита
English,Russian,Framing,обрамление
English,Russian,swoop in,напасть в
English,Russian,swoop,наскок
English,Russian,distress,горе
English,Russian,wandering,странствующий
English,Russian,exercise,упражнение
English,Russian,brand−new,совершенно новый
English,Russian,flavor,ароматизатор
English,Russian,compendium,сборник
English,Russian,whether,является ли
English,Russian,Though,хотя
English,Russian,sift,отсеивать
English,Russian,heck,черт возьми
English,Russian,whether,того
English,Russian,triage meeting,сортировка встреча
English,Russian,triage,сортировка
English,Russian,poetry,поэзия
English,Russian,assurance,гарантия
English,Russian,assurance,уверенность
English,Russian,Admittedly,Правда
English,Russian,honed,отточенные
English,Russian,plain got broken,просто сломалась
English,Russian,to hook it up.,подключить его.
English,Russian,untrained,неподготовленный
English,Russian,burst onto,ворвался на
English,Russian,taste,вкус
English,Russian,far−more−intelligent,далеко более-интеллектуальная
English,Russian,pointy−haired,заостренный волосами
English,Russian,pointy,заостренный
English,Russian,unconsciously,бессознательно
English,Russian,early draft,Предварительный проект
English,Russian,temptation,искушение
English,Russian,we're going to have,мы собираемся иметь
English,Russian,reminding,напоминание
English,Russian,struggle,борьба
English,Russian,neglected in the heat of battle,пренебречь в пылу сражения
English,Russian,hasty,поспешный
English,Russian,struggled,боролись
English,Russian,competitors,участники
English,Russian,competitors,конкуренты
English,Russian,But the odds are,"Но вполне вероятно,"
English,Russian,sold,проданный
Russian,English,том,volume
English,Russian,decline,снижение
English,Russian,He has held,Занимал
English,Russian,inspirational,вдохновляющие
English,Russian,recipe,рецепт
English,Russian,numerous,многочисленные
English,Russian,I was at a loss,Я был в недоумении
English,Russian,technician,техник
English,Russian,augmentation,увеличение
English,Russian,negligible,незначительный
English,Russian,versatility,многосторонность
English,Russian,ceteris paribus,при прочих равных условиях
English,Russian,votes,голосов
English,Russian,wealth,богатство
English,Russian,promote,способствовать
English,Russian,equity,капитал
English,Russian,lawyers,юристы
English,Russian,ramification,ветвление
English,Russian,gee,вот здорово
English,Russian,whether,ли
English,Russian,forsake,оставлять
English,Russian,goods,товары
English,Russian,dismal,мрачный
English,Russian,scarcity,дефицит
Russian,English,скрученный,twisted
English,Russian,obtuse,тупой
Russian,English,глупый,stupid
English,Russian,ascent,восхождение
English,Russian,greed,жадность
English,Russian,roamed,бродили
English,Russian,open up,открыть
English,Russian,courage,мужество
English,Russian,upset,расстройство
English,Russian,glove,перчатка
English,Russian,persuade,убеждать
English,Russian,fuel,топливо
English,Russian,ramp,скат
English,Russian,valve,клапан
English,Russian,villain,злодей
English,Russian,possess,обладать
English,Russian,belong,быть связанным
English,Russian,belong,принадлежать
Russian,English,горячий прием,a warm reception
English,Russian,whatever,любой
English,Russian,either,каждый
English,Russian,Unraveling,Раскрытие
English,Russian,idle,холостой ход
English,Russian,dense,густой
English,Russian,sparse,редкий
English,Russian,thaw,таяние
English,Russian,cope,совладать
English,Russian,scarcity,нехватка
English,Russian,farming and mining,сельское хозяйство и горнодобывающая промышленность
English,Russian,charge,взимать
English,Russian,magnitudes,значительность
English,Russian,magnitudes,величины
English,Russian,prayed,молился
English,Russian,obstacle,препятствие
English,Russian,inevitable,неизбежный
English,Russian,shelves,полка
English,Russian,appalling,ужасный
English,Russian,bloat,раздуваться
English,Russian,HINT,намек
English,Russian,literacy,грамотность
English,Russian,guts,внутренности
English,Russian,at most,самое большее
English,Russian,denote,означать
English,Russian,perk,случайный доход
English,Russian,clever,ловкий
English,Russian,nail,гвоздь
English,Russian,nailed,пригвожденный
English,Russian,messy,грязный
English,Russian,winds up,заканчивать
English,Russian,stall,глохнуть
English,Russian,seductive,соблазнительный
English,Russian,striping,чередование
English,Russian,absence of starvation,отсутствие голода
English,Russian,obviate,устранять
English,Russian,impairing,ухудшающий
English,Russian,mundane,земной
English,Russian,leap of faith,прыжок веры
English,Russian,shrank,сократился
English,Russian,opinion,взгляд
English,Russian,harmless,безобидный
English,Russian,exhaust,высасывать
English,Russian,exhaust,выпускной
English,Russian,Establish,установить
English,Russian,accidentally undermining,случайно подрывая
English,Russian,"Nevertheless,","тем не менее,"
English,Russian,bargain,сделка
English,Russian,clamp,зажим
English,Russian,vague,расплывчатый
English,Russian,accident,случайность
English,Russian,stinger,резкий удар
English,Russian,Blurring,нечеткость
English,Russian,Blending,смешивание
English,Russian,justice,справедливость
English,Russian,whoever,кто бы ни
English,Russian,charge,обязанности
English,Russian,beauty,красота
English,Russian,scatter,разброс
English,Russian,precedence,старшинство
English,Russian,silly,простой
English,Russian,crunching,грызть
English,Russian,take care of,заботиться о
English,Russian,take care of,принимать нужные меры
English,Russian,coalesced,объединились
English,Russian,prevalent,распространенный
English,Russian,stencil,трафарет
English,Russian,Arbitrary,произвольный
English,Russian,anticlimactic,разочаровывающим
English,Russian,stall on,срыв на
English,Russian,arose,возник
English,Russian,sparingly,экономно
English,Russian,concise,краткий
English,Russian,Collaboration,сотрудничество
English,Russian,thought,мысль
English,Russian,will issue,выдаст
Irish,Russian,cumbersome for quite a while,"громоздким, довольно долгое время"
Irish,Russian,comprehensive,комплексный
English,Russian,dedicated,убежденный
English,Russian,Oftentimes,много раз
English,Russian,Oftentimes,часто
English,Russian,Fear not,не бойся
English,Russian,refactoring-adverse,рефакторинга вредного
English,Russian,thereby,тем самым
English,Russian,wholly embraces,полностью объятия
English,Russian,rehash of,перепев
English,Russian,spiel,разглагольствовать
English,Russian,comprehensive,всесторонний
English,Russian,would stack up,бы складывают
English,Russian,contention,соревнование
English,Russian,poll,опрос общественного мнения
English,Russian,excels,"выделяется,"
English,Russian,suggestion,предложение
English,Russian,encouraged,ободренный
English,Russian,encouraged,воодушевленный
English,Russian,ejected,выброшенный
English,Russian,substitute,заменитель
English,Russian,mentioning,упоминать
English,Russian,mentioning,отметить
English,Russian,expenditure,расход
English,Russian,inclined to,склонны
English,Russian,fit for,пригодный для
English,Russian,queries,запросы
English,Russian,subtle,утонченный
English,Russian,glaring,яркий
English,Russian,exacerbating load times,усугубляя время загрузки
English,Russian,without overwhelming,без подавляющим
English,Russian,batch,партия
English,Russian,Regardless,несмотря на
English,Russian,lookups,поиски
English,Russian,ultimately,в конечном счете
English,Russian,aptitude,способность
English,Russian,belonged,принадлежал
English,Russian,rejects,отвергает
English,Russian,datastore contention,хранилище конкуренция
English,Russian,prospect of contention,Перспектива разногласий
English,Russian,Although,хотя
English,Russian,evict,выселять
English,Russian,rate,ставка
English,Russian,snipped,опущен
English,Russian,snipped,разрезать ножницами
English,Russian,engaged,занято
English,Russian,throw away,выбросить
English,Russian,snipped,резать
English,Russian,twilight,сумерки
English,Russian,commodity,товар
English,Russian,coach,тренер
English,Russian,pick you up,забрать вас
English,Russian,shake hands,пожать друг другу руки
English,Russian,Yours faithfully,С уважением
English,Russian,irritating,раздражающий
English,Russian,Painful,болезненный
English,Russian,flavors,особенность
English,Russian,flavors,ароматы
English,Russian,succinctly,кратко
English,Russian,expired,истекший
English,Russian,is in charge to check,"отвечает, чтобы проверить"
English,Russian,bootstrap,начальная загрузка
Russian,English,ракурс,perspective
English,Russian,route,курс
English,Russian,get messy very quickly,запутаться очень быстро
English,Russian,From this point onward,С этого момента
English,Russian,opaque,непрозрачный
English,Russian,evicted,выселенный
English,Russian,contention,конкуренция
English,Russian,sparsely,редко
English,Russian,Paginate,нумеровать страницы
English,Russian,replenished,пополнялся
English,Russian,billable,оплачиваемого
English,Russian,residing,находиться
English,Russian,resilient,неунывающий
English,Russian,resilient,упругий
English,Russian,designate,назначать
English,Russian,Greeting,приветствие
English,Russian,jettisoned,отбросил
English,Russian,credentials,полномочия
English,Russian,goodness,доброта
English,Russian,is rather complex,довольно сложная
English,Russian,brand new,новое
English,Russian,proper,правильный
English,Russian,pretend,притворяться
English,Russian,interceptors,перехватчиков
English,Russian,shortcomings,недостатки
English,Russian,realm,область
English,Russian,cumbersome,громоздкий
English,Russian,valet key,камердинер ключ
English,Russian,Valet Key for the Web,Ключевые служащим для веб
English,Russian,legged,бежать
English,Russian,criticism,критика
English,Russian,Expires,истекать
English,Russian,numbness,онемение
English,Russian,shake,трясти
English,Russian,putter,короткая клюшка
English,Russian,gig,острога
English,Russian,fence,забор
English,Russian,grow up,вырастать
English,Russian,blob,капля
English,Russian,Clobbered,полностью разбить
English,Russian,SNAPSHOT,выстрел навскидку
English,Russian,craft,ремесло
English,Russian,Opening up,делать доступным
English,Russian,lacks,недостаток
English,Russian,Ninja,ниндзя
English,Russian,Meanwhile,между тем
English,Russian,tumor,опухоль
English,Russian,reinforcement,усиление
English,Russian,learn from experience,учиться на опыте
English,Russian,learn from,учиться
English,Russian,respect to some,относительно некоторой
English,Russian,rhyme,рифма
English,Russian,pretty,в значительной степени
English,Russian,thick,плотный
English,Russian,thick,толстый
Russian,English,толстый,thick
English,Russian,contamination,заражение
English,Russian,permitted,разрешенный
Russian,English,разозлишь его,piss him off
English,Russian,juveniles,подросток
English,Russian,Fetch,получать
English,Russian,suspect,подозреваемый
English,Russian,advance,наступление
English,Russian,within,внутри
English,Russian,respect at,в отношении
English,Russian,scope,сфера
English,Russian,snapshot,выстрел навскидку
English,Russian,remain,продержаться
English,Russian,secondary,вторичный
English,Russian,approve,одобрять
English,Russian,eligible,могущий быть избранным
English,Russian,eligible,имеющий право
English,Russian,This adds a bit of confusion.,Это добавляет немного путаницы.
English,Russian,Interceptors,Перехватчики
English,Russian,snapshot,выстрел
English,Russian,pitfall with this,ловушка с этим
English,Russian,held on,состоявшейся
English,Russian,held on,состоялось
English,Russian,Persistent,постоянный
English,Russian,unrelated,несвязанный
English,Russian,thought of,думал о
English,Russian,i figured,я понял
English,Russian,screw in me,винт во мне
English,Russian,glut,избыток
English,Russian,figure out,вычислять
English,Russian,lieu of,вместо
English,Russian,arranged in,расположенных в
English,Russian,persistence,настойчивость
English,Russian,tricky,сложный
English,Russian,greeting,приветствие
English,Russian,alongside,рядом
English,Russian,Exclusive,недоступный
English,Russian,Fine-grained,Мелкозернистый
English,Russian,vibrant,вибрирующий
English,Russian,bolstered,укрепил
English,Russian,Vague,расплывчатый
English,Russian,neglected,заброшенный
English,Russian,woefully,удручающе
English,Russian,blur,неясные очертания
English,Russian,"sadly, most underutilized","К сожалению, наиболее недостаточно"
English,Russian,albeit obliquely,хотя и косо
English,Russian,more fragile,более хрупкими
English,Russian,accommodate,согласовывать
English,Russian,prohibited,запрещенный
English,Russian,ad-hoc,специальные
English,Russian,quite,вполне
English,Russian,Not quite,не совсем так
English,Russian,entail,влечь за собой
English,Russian,obeys,подчиняется
English,Russian,adjustable,регулируемый
English,Russian,keystroke,нажатие клавиши
English,Russian,finer grained,мелкозернистых
English,Russian,confined to,ограничивается
English,Russian,tightly bound,тесно связаны
English,Russian,compound,соединение
English,Russian,reasoning about,рассуждения о
English,Russian,Gathering,собирание
English,Russian,support for,поддержка
English,Russian,belonging,принадлежащий
English,Russian,encompass,заключать в себе
English,Russian,sad,грустный
English,Russian,sad,печальный
English,Russian,definitely,определенно
English,Russian,obey,повиноваться
English,Russian,attitude,мироощущение
English,Russian,encompass,охватывать
English,Russian,comprise,содержать
English,Russian,Establish,создавать
English,Russian,undermining,подрывая
English,Russian,fubar,FUBAR
English,English,fubar,fubar
English,Russian,tap-dances,отбивать чечетку
English,Russian,pointless,бессмысленный
English,Russian,descendant,потомок
English,Russian,crucial,решающий
English,Russian,denote,обозначать
English,Russian,lingua franca,общий язык
English,Russian,seed,источник
English,Russian,seed,семена
English,Russian,going to kick off,собирается начать
English,Russian,designates,обозначает
English,Russian,augment,приращение
English,Russian,routes,маршруты
English,Russian,heck,черт
English,Russian,too much of a mess,слишком много беспорядка
English,Russian,bandwagon,фургон с оркестром
English,Russian,at best,в лучшем случае
English,Russian,embodied,воплощенный
English,Russian,confinement,ограничение
English,Russian,confinement,лишение свободы
English,Russian,defensive,оборонительный
English,Russian,interoperate,взаимодействовать
English,Russian,fraught with,чревато
English,Russian,awareness,осведомленность
English,Russian,do not insulate,не изолируйте
English,Russian,behalf,имени
English,Russian,subsumed,отнести
English,Russian,elusive,неуловимый
English,Russian,liveness,Живучесть
English,Russian,safety  cannot  be compromised.,безопасность не может быть нарушена.
English,Russian,In the absence,В отсутствии
English,Russian,tremendous convenience,огромное удобство
English,Russian,affairs,дела
English,Russian,affairs,делишки
English,Russian,depict,изображать
English,Russian,exhausted,исчерпанный
English,Russian,to tap,задействовать
English,Russian,inescapable,неизбежный
English,Russian,bother with,беспокоиться
English,Russian,compromised,под угрозой
English,Russian,compose thread safe classes out of,составляют потокобезопасные классы из
English,Russian,alike,одинаково
English,Russian,appear nevertheless,Тем не менее появляются
English,Russian,do surface,сделать поверхность
English,Russian,by accident,случайно
English,Russian,rife with,изобилует
English,Russian,ultimately revealed,"в конечном счете, показали,"
English,Russian,coincidentally,совпадению
English,Russian,midrange,среднего
English,Russian,Discouraged,озадаченный
English,Russian,hinder,мешать
English,Russian,remaining,остальной
English,Russian,screw up,запороть
English,Russian,incidence,охват
English,Russian,see ya,увидимся
English,Russian,vagabonds,мерзавец
English,Russian,weep,плакать
English,Russian,be held,состоится
English,Russian,towards,в направлении
English,Russian,magenta,пурпурный
English,Russian,bearer,предъявитель
English,Russian,mournful,скорбный
English,Russian,pitifully,жалобно
English,Russian,gyrating,вращаться по кругу
English,Russian,miffed,обидеть
English,Russian,to offend,обидеть
English,Russian,too bumpy for you,слишком ухабистым для вас
English,Russian,awake,бодрствующий
English,Russian,help from a,помощь
English,Russian,better pick on,лучше выбирать
English,Russian,shaking,покачивание
English,Russian,though,хотя
English,Russian,a long way,далеко
English,Russian,desperate,отчаянный
English,Russian,contested ground,оспариваемые земли
English,Russian,carved,резной
English,Russian,lay off,прекращать
English,Russian,chair,председатель
English,Russian,ditched,угробил
English,Russian,sold out,проданы
English,Russian,tried,пытался
English,Russian,bunch of slavers,куча работорговцев
English,Russian,devils,Дьяволы
English,Russian,afar,издалека
English,Russian,weep,оплакивать
English,Russian,choosy,разборчивый
English,Russian,beaten,побежденный
English,Russian,flinch,дрогнуть
English,Russian,gouges,обман
English,Russian,i don't mind,Я не возражаю
English,Russian,fare,плата за проезд
English,Russian,perks,дополнительные льготы
English,Russian,bumpy,неровный
English,Russian,objective of,цель
English,Russian,sophisticated,сложный
English,Russian,confess,исповедовать
English,Russian,sloppy,небрежный
English,Russian,dense,плотный
English,Russian,sparse,разбросанный
English,Russian,reclaimed,восстановленный
English,Russian,thereafter,впоследствии
English,Russian,accordingly,соответственно
English,Russian,chunked,разбит
English,Russian,expiration,окончание
English,Russian,expiration,истечение
English,Russian,Therefore,поэтому
English,Russian,blood,темперамент
English,Russian,emphasize,подчеркивать
English,Russian,indispensable,незаменимый
English,Russian,gladly,с удовольствием
English,Russian,toward,к
English,Russian,cavalier attitude,легкое отношение
English,Russian,Recall,вспоминать
English,Russian,spelled out,расшифровать
English,Russian,SUBTLE,тонкий
English,Russian,rumor,молва
English,Russian,upset,нарушать
English,Russian,darn good,чертовски хорошо
English,Russian,darn,ужасный
English,Russian,outcomes,исход
English,Russian,winds up,завершать
English,Russian,gist,суть
English,Russian,flux,постоянное движение
English,Russian,badger,дразнить
English,Russian,inferential,полученный путем выведения
English,Russian,entire,целый
English,Russian,quantity,величина
English,Russian,quantity,количество
English,Russian,survey,обзор
English,Russian,pathetic,жалкий
English,Russian,hermetic,герметический
English,Russian,grads,выпускников
English,Russian,exploratory,разведочный
English,Russian,uninhibited,свободный
English,Russian,uninhibited,раскованный
English,Russian,unnoticed,незамеченный
English,Russian,opportunity,возможность
English,Russian,Literally,буквально
English,Russian,passionate,страстный
English,Russian,opportunity,удобный случай
English,Russian,mountain,горный
English,Russian,drown in,утонуть в
English,Russian,bunch,связка
English,Russian,establish,установить
English,Russian,cohesion,сплоченность
English,Russian,stuck,застрявший
English,Russian,stick with,придерживаться
English,Russian,charge,ответственность
English,Russian,Surely!,Конечно!
English,Russian,bet,пари
English,Russian,tighten,стягиваться
English,Russian,begs,умоляет
English,Russian,devoted,посвященный
English,Russian,Forwarder,экспедитор
English,Russian,judiciously,разумно
English,Russian,irrelevant,неуместный
English,Russian,pose,принимать вид
English,Russian,to mimic,чтобы имитировать
English,Russian,strive,стараться
English,Russian,akin,сродни
English,Russian,amendable,исправимый
English,Russian,notably used,в частности использован
English,Russian,shards,осколки
English,Russian,pending,в ожидании
English,Russian,omit,пропускать
English,Russian,awful,ужасный
English,Russian,inconvenient,неудобный
English,Russian,shard,осколок
English,Russian,slug,жетон
English,Russian,slick,гладкий
English,Russian,proliferation,распространение
English,Russian,shrink,сокращаться
English,Russian,tug,состязание
English,Russian,fellow,товарищ
English,Russian,with respect to,в отношении
English,Russian,snap,защелкивать
English,Russian,screw up,испортить
English,Russian,circumstances,обстоятельства
English,Russian,fairly,довольно
English,Russian,glance,взгляд
English,Russian,allotted,выделенный
English,Russian,mockeries,бесплодная попытка
English,Russian,mockeries,насмешка
English,Russian,prevent,препятствовать
English,Russian,notoriously,общеизвестно
English,Russian,clobbered,полностью разгромить
English,Russian,messed up,портить дело
English,Russian,hangover,наследие
English,Russian,bend,гнуться
English,Russian,unwieldy,громоздкий
English,Russian,wary,осторожный
English,Russian,verbose,многословный
English,Russian,ordinary,обыкновенный
English,Russian,pitfalls,западня
English,Russian,difference,вычислять разность
English,Russian,omits,пропускать
English,Russian,silly,безобидный
English,Russian,silly,глупый
English,Russian,clause,пункт
English,Russian,augmenting,увеличивающийся
English,Russian,circumstances,условия
English,Russian,tear ducts,слезных протоков
English,Russian,terrified of possible,ужас возможного
English,Russian,sentient,разумное существо
English,Russian,sentient,чувствующий
English,Russian,labor,труд
English,Russian,rudimentary,зачаточный
English,Russian,respective,соответственный
English,Russian,should feature,должны фигурировать
English,Russian,lend,предоставлять
English,Russian,agreed-on notation,согласованном обозначения
English,Russian,stated purpose,Заявленная цель
English,Russian,elicit,выявлять
English,Russian,elicitation,выявление
English,Russian,rigorous approaches,строгих подходов
English,Russian,embody,воплощать
English,Russian,eliciting,выявление
English,Russian,solely by,исключительно
English,Russian,must involve,должна включать
English,Russian,is broader than simply assessing,"шире, чем просто оценка"
English,Russian,comprehensive feedback,всеобъемлющей обратной связи
English,Russian,shrewd,проницательный
English,Russian,depicts,изображает
English,Russian,engender,порождать
English,Russian,tailored,с учетом
English,Russian,plumb,отвесный
English,Russian,undertaken,предпринятый
English,Russian,nurturing,воспитание
English,Russian,prescribes,предписывает
English,Russian,AFFECT,ВЛИЯЕТ
English,Russian,It should be apparent,Должно быть очевидно
English,Russian,must identify and actively engage,должны определить и активно участвовать
English,Russian,implied,предполагаемый
English,Russian,RAMIFICATIONS OF,последствия
English,Russian,reluctant,неохотный
English,Russian,disastrous,гибельный
English,Russian,invocation,вызов
English,Russian,pursue,преследовать
English,Russian,certain assets,некоторые активы
English,Russian,may well be rejected,вполне может быть отклонен
English,Russian,abundance of idle,Обилие простоя
English,Russian,concerns and goals,проблемы и цели
English,Russian,recipients,получателей
English,Russian,acceptable,приемлемый
English,Russian,is likely,вероятно
English,Russian,be tight,быть жесткой
English,Russian,How organizational goals influence,Как организационные цели влияет
English,Russian,sail,плыть
English,Russian,swift end,скорый конец
English,Russian,comprise,заключать в себе
English,Russian,first step toward,Первый шаг к
English,Russian,distilling away,отгонкой
English,Russian,has emerged as,стала
English,Russian,beget,порождать
English,Russian,is tossed over the wall into the designer's cubicle,бросается через стену в кабину дизайнера
English,Russian,have been taught to build,учили строить
English,Russian,particular,частность
English,Russian,Chief among,главным среди
English,Russian,consideration,рассмотрение
English,Russian,lays the foundations,закладывает основы
English,Russian,compartment,отделение
English,Russian,compartment,отсек
English,Russian,ties it,завязывает
English,Russian,spawned,породил
English,Russian,to bear,нести
English,Russian,surprisingly few of which,удивительно некоторые из которых
English,Russian,concerned with,связанные с
English,Russian,influences,воздействие
English,Russian,swarm,рой
English,Russian,influences persist beyond,влияний длятся более
English,Russian,envisioning,предусматривающие
English,Russian,fuss,суетиться
English,Russian,spring,возникать
English,Russian,spring,пружина
English,Russian,Where do architectures come from?,Откуда архитектуры взялся?
English,Russian,Misc Recipes,Разные рецепты
English,Russian,merely,просто
English,Russian,trimmed,обрезается
English,Russian,infeasible,неосуществимый
English,Russian,hassle,стычка
English,Russian,brevity,краткость
English,Russian,Retires On Saturation,Уходит от насыщенности
English,Russian,sticky,липучий
English,Russian,sticky,липкий
English,Russian,exactly twice,ровно в два раза
English,Russian,cheat,обманывать
English,Russian,arbitrary partial,произвольных частичных
English,Russian,quiz,викторина
English,Russian,contrived,затевать
English,Russian,Admittedly,по общему признанию
English,Russian,shiny,блестящий
English,Russian,admit it,признать это
English,Russian,relies on,опирается на
English,Russian,collaborators,сотрудник
English,Russian,outbound,отправляемый за границу
English,Russian,outbound,исходящий
English,Russian,you aren't thrilled,вы не в восторге
English,Russian,bothering,беспокоящий
English,Russian,inspired,вдохновленный
English,Russian,hacked up,изрубил
English,Russian,polished,блестящий
English,Russian,Exercise,выполнять
English,Russian,Exercise,осуществлять
English,Russian,past,после
English,Russian,piles,свая
English,Russian,chunk,кусок
English,Russian,collaborate,сотрудничать
English,Russian,flake,чешуйка
English,Russian,flakiness,чешуйчатость
English,Russian,fragile,хрупкий
English,Russian,deceptive,обманчивый
English,Russian,devout,преданный
English,Russian,labour,труд
English,Russian,tempting,заманчивый
English,Russian,exposed in the API,выставлены в API
English,Russian,clumsy,неуклюжий
English,Russian,boilerplate,шаблонный
English,Russian,Receipt,квитанция
English,Russian,Receipt,получение
English,Russian,poses,позы
English,Russian,seam,сшивать
English,Russian,seam,соединение
English,Russian,sympathies,сострадание
English,Russian,intrinsic,внутренний
English,Russian,programming by difference,программирование по разности
English,Russian,hunt,поиски
English,Russian,sprout,побег
English,Russian,sprout,отросток
English,Russian,cluttered,суматоху
English,Russian,muddier,грязнее
English,Russian,at the very least,по крайней мере
English,Russian,Sprout,росток
English,Russian,tough,жесткий
English,Russian,discover,узнавать
English,Russian,discover,обнаруживать
English,Russian,discover,открыть
English,Russian,recoup,компенсировать
English,Russian,straightforward,прямой
English,Russian,straightforward,простой
English,Russian,seam,шрам
English,Russian,seam,пласт
English,Russian,stub,огрызок
English,Russian,pretty handy way,довольно удобный способ
English,Russian,cruelty,бессердечие
English,Russian,underway,двигающийся
English,Russian,alter,изменять
English,Russian,tough,трудный
English,Russian,quirk,причуда
English,Russian,poorly suited,плохо подходит
English,Russian,The Seam Model,Модель шва
English,Russian,for sensing,для определения
English,Russian,Distilled,дистиллированный
English,Russian,slim,тонкий
English,Russian,peculiar,своеобразный
English,Russian,an awful lot of work,ужасно много работы
English,Russian,evident,явный
English,Russian,evident,очевидный
English,Russian,particular,особенный
English,Russian,among classes,между классами
English,Russian,Sensing,чувствовать
English,Russian,versed,сведущий
English,Russian,scar,шрам
English,Russian,invoice,накладная
English,Russian,harness,использовать
English,Russian,pin down,припереть к стенке
English,Russian,apiece,за штуку
English,Russian,eon,вечность
English,Russian,gaps,пробелов
English,Russian,deny,отрицать
English,Russian,harnesses,доспехи
English,Russian,invaluable,бесценный
English,Russian,thoroughly,тщательно
English,Russian,We breathe a sigh,Мы вздохнуть
English,Russian,finer-grained,мелкозернистых
English,Russian,vise,тиски
English,Russian,a little bit odd,немного нечетным
English,Russian,safety net,социальной защиты
English,Russian,invasive,агрессивный
English,Russian,Superficially,поверхностно
English,Russian,essential,существенный
English,Russian,poke,тыкать
English,Russian,Pray,молиться
English,Russian,Surely,конечно
English,Russian,rusty,ржавый
English,Russian,mitigate,смягчать
English,Russian,scrutinize,изучать
English,Russian,subtly,тонко
English,Russian,sake,ради
English,Russian,thorniest,острых
English,Russian,broaden,расширять
English,Russian,grunge,гранж
English,Russian,greenfield,нулем
English,Russian,bulk,масса
English,Russian,unruly,непослушный
English,Russian,sustain,поддерживать
English,Russian,surgery,хирургия
English,Russian,somersault,кувыркаться
English,Russian,incredible,невероятный
English,Russian,make no mistake,можете не сомневаться
English,Russian,You might think that this is severe.,"Можно подумать, что это является серьезным."
English,Russian,verifiably,проверяемым
English,Russian,arrived at,прибыл в
English,Russian,endurance,выносливость
English,Russian,reversing the rot,вспять гниль
English,Russian,Prevention is imperfect,Профилактика является несовершенным
English,Russian,unworthy,недостойный
English,Russian,shades,оттенки
English,Russian,sucker-punched,присоски перфорированная
English,Russian,gig with,концерт с
English,Russian,passion,страсть
English,Russian,bloated,раздутый
English,Russian,slip in,незаметно войти
English,Russian,confident,уверенный
English,Russian,sets in,наступать
English,Russian,pretty scary,очень страшно
English,Russian,malleable,податливый
English,Russian,wagon,вагон
English,Russian,vicious streak,порочный подряд
English,Russian,crisply,твердо
English,Russian,dumb,немой
English,Russian,Clumping of,слипания
English,Russian,Excessive scrolling,Чрезмерное прокрутки
English,Russian,muddled,запутаны
English,Russian,struggling with,борется с
English,Russian,span of,промежуток
English,Russian,thin ice,тонкому льду
English,Russian,Themselves,себя
English,Russian,Presence,присутствие
English,Russian,flaky,со странностями
English,Russian,Insidious Beast,Коварные Зверь
English,Russian,Deceptively,обманчиво
English,Russian,eviction,изгнание
English,Russian,eviction,выселение
English,Russian,Meaningless,бессмысленный
English,Russian,Sheep’s Clothing,Овечьей шкуре
English,Russian,cheating,мошенничество
English,Russian,approve,утвердить
English,Russian,pay Employee,платить сотрудникам
English,Russian,sinister,зловещий
English,Russian,Spooky,жуткий
English,Russian,substitutes,заменители
English,Russian,Dirties,грязями
English,Russian,Harness,Осваивать
English,Russian,clarify,прояснить
English,Russian,Caveat,предостережение
English,Russian,claim,утверждать
English,Russian,identity crisis,личностный кризис
English,Russian,Inappropriately,Неуместно
English,Russian,Invoice,накладная
English,Russian,Invoice,счет-фактура
English,Russian,clue,ключ
English,Russian,egregiously,вопиюще
English,Russian,Bloats,раздувает
English,Russian,strive for,стремиться к
English,Russian,dig around,окопать
English,Russian,goes off,гаснет
English,Russian,Deceitful,лживый
English,Russian,intimate,интимный
English,Russian,grab bag of,мешком
English,Russian,Digging into,впиваться
English,Russian,above,выше
English,Russian,harmed by,пострадать от
English,Russian,bulky,громоздкий
English,Russian,glaring,вопиющий
English,Russian,flaky,чудной
English,Russian,flaky,слоистый
English,Russian,silly for,глупо
English,Russian,assorted,сортированный
English,Russian,Asks for,просит
English,Russian,seam for,шва для
English,Russian,persist,сохраняться
English,Russian,turns out,"оказывается,"
English,Russian,Garden,сад
English,Russian,Flaw,недостаток
English,Russian,test-doubles,Тест-двойники
English,Russian,look for,надеяться на
Russian,English,владение,ownership
English,Russian,ilk,род
English,Russian,pat,похлопывание
English,Russian,Seam,шов
English,Russian,will be forced to,будут вынуждены
English,Russian,trick is something you only should do as a last resort,"Хитрость заключается в том, что вы должны делать только в крайнем случае"
English,Russian,trick is,"Фокус в том,"
English,Russian,vicious cycle,порочный круг
English,Russian,fledged,самостоятельный
English,Russian,opportunities,возможности
English,Russian,closes off,закрывает
English,Russian,shut off,отключить
English,Russian,prematurely,преждевременно
English,Russian,flaw,недостаток
English,Russian,collaborators,соавторы
English,Russian,excitedly,азартно
English,Russian,fancy,фантазия
English,Russian,trusty,надежный
English,Russian,buries,хоронит
English,Russian,exiled,сосланный
English,Russian,reunites,воссоединяется
English,Russian,worse,хуже
English,Russian,worth,ценность
English,Russian,amenable,поддающийся
English,Russian,fidelity,верность
English,Russian,stringent,строгий
English,Russian,interplay,взаимодействие
English,Russian,emphasizes,подчеркивает
English,Russian,tactics,тактика
English,Russian,remains,остатки
English,Russian,implications,последствия
English,Russian,paid special attention,уделял особое внимание
English,Russian,blueprint,план
English,Russian,asset,активы
English,Russian,in turn influences,в свою очередь влияет
English,Russian,influenced,влияние
English,Russian,weaves,переплетение нитей в ткани
English,Russian,theme,тема
English,Russian,Envisioning,представлять себе
English,Russian,Envisioning,Представляя
English,Russian,anticipate,предвидеть
English,Russian,foundations,устои
English,Russian,throughout,по всему
English,Russian,illuminate,освещать
English,Russian,devote,посвящать
English,Russian,unravel,распутывать
English,Russian,investment,инвестиции
English,Russian,"far less network awareness,","гораздо меньше сети осведомленности,"
English,Russian,vehicles for influencing all of the preceding.,транспортные средства для воздействия на все предыдущие.
English,Russian,prevailing,преобладающий
English,Russian,deliveries,поставки
English,Russian,geared to,направленных на
English,Russian,influences,влияний
English,Russian,unobstructed,беспрепятственный
English,Russian,accommodate,вмещать
English,Russian,shrink-wrapped,упакованный в целлофан
English,Russian,coupling of,сцепления
English,Russian,has emerged from our belief,вышла из нашей веры
English,Russian,Nevertheless,тем не менее
English,Russian,fever,лихорадка
English,Russian,intentions,намерениями
English,Russian,dismisses,отклоняет
English,Russian,gathered,собранный
English,Russian,marines,морская пехота
English,Russian,dereferenced,разыменованы
English,Russian,malfunctioning,не срабатывать
English,Russian,reveals,"показывает,"
English,Russian,although,хотя
English,Russian,nomad,кочевник
English,Russian,enormous,огромный
English,Russian,prove herself,проявить себя
English,Russian,mention,упомянуть
English,Russian,too rigid,слишком жесткие
English,Russian,courtesy of,любезность
English,Russian,ambush,засада
English,Russian,refuse to,отказываются
English,Russian,prejudiced,предвзятый
English,Russian,hang of,повесить
English,Russian,shame on,позор
English,Russian,involved,вовлеченный
English,Russian,admit,допускать
English,Russian,mock out,макет из
English,Russian,brittle,хрупкий
English,Russian,polished,полированный
English,Russian,mercenary,наемник
English,Russian,tedious,утомительный
English,Russian,feasible,осуществимый
English,Russian,convinces,убеждает
English,Russian,Fearing,Опасаясь
English,Russian,At Least,Хотя бы
English,Russian,willingness,готовность
English,Russian,peculiarity,особенность
English,Russian,Benign,доброкачественный
English,Russian,Singletons are Pathological Liars,Одиночки патологические лжецы
English,Russian,an ad hoc,Специальная
English,Russian,discouraged,обескураженный
English,Russian,substantial,существенный
English,Russian,conducted,вести
English,Russian,impractical,непрактичный
English,Russian,visceral,чувствующий нутром
English,Russian,rely solely,полагаться только
English,Russian,assess,оценивать
English,Russian,stopwatch,секундомер
English,Russian,elapsed,проходить
English,Russian,precede,предшествовать
English,Russian,spelled out,продиктовать по буквам
English,Russian,invest heavily,вкладывать значительные средства
English,Russian,revolves,вращается
English,Russian,severe,тяжелый
English,Russian,flip side,обратная сторона
English,Russian,through,через
English,Russian,mess,беспорядок
English,Russian,vast,огромный
English,Russian,gradual,постепенный
English,Russian,hit,удар
English,Russian,hit,успех
English,Russian,steep,крутой
English,Russian,frankly,откровенно
English,Russian,gamut,гамма
English,Russian,prohibit,запрещать
English,Russian,regardless,несмотря на
English,Russian,diverse,разнообразный
English,Russian,facing,облицовка
English,Russian,immensely,чрезвычайно
English,Russian,consistency,логичность
English,Russian,affecting,затрагивающий
English,Russian,backward compatibility,обратная совместимость
English,Russian,just in case,на всякий случай
English,Russian,evolve,развиваться
English,Russian,encourage,поощрять
English,Russian,as boring as,"так же скучно, как"
English,Russian,caution,осторожность
English,Russian,utmost,все возможное
English,Russian,conduit,канал
English,Russian,conduit,трубопровод
English,Russian,elapses,истекает
English,Russian,expose,подвергать
English,Russian,hat on,шляпу на
English,Russian,strafed,наказывать
English,Russian,substantially,по существу
English,Russian,come up,подойти
English,Russian,regret,сожалеть
English,Russian,must-have,обязательный
English,Russian,creep,ползать
English,Russian,sacrificed,пожертвованный
English,Russian,made up,составили
English,Russian,made of,сделанный из
English,Russian,adhere,придерживаться
English,Russian,competitive,конкурентоспособный
English,Russian,spell out,расшифровать
English,Russian,complain,сетовать
English,Russian,stitching,шитье
English,Russian,from scratch,с нуля
English,Russian,scratch,царапина
English,Russian,emphasis,акцент
English,Russian,appealing,привлекательный
English,Russian,conveys,передает
English,Russian,plenty,много
English,Russian,decay,распад
English,Russian,fascinating,очаровательный
English,Russian,smuggler,контрабандист
English,Russian,detain,задерживать
English,Russian,end up,заканчивать
English,Russian,seamlessly,плавно
English,Russian,peer,равный
English,Russian,terrible,ужасный
English,Russian,hug,обнимать
English,Russian,cram,впихивать
English,Russian,vagrant,бродяга
English,Russian,defence,оборона
English,Russian,babbling,болтовня
English,Russian,was going to,собирается
English,Russian,figure out,"выяснить,"
English,Russian,jeopardize,подвергать опасности
English,Russian,deserve,заслуживать
English,Russian,intimacy,близость
English,Russian,gesture,телодвижение
English,Russian,clothing,одежда
English,Russian,ticklish,щекотливый
English,Russian,hear hear,правильно правильно
English,Russian,Doer,деятель
English,Russian,awkward,неловкий
English,Russian,boil down,сводиться
English,Russian,embrace,охватывать
English,Russian,chronic,постоянный
English,Russian,intimately,теснейшим
English,Russian,shallow,мелкий
English,Russian,wild,дикий
English,Russian,promote,содействовать
English,Russian,reinforce,подкреплять
English,Russian,boxing,упаковка
English,Russian,tranches,траншей
English,Russian,gradually,постепенно
English,Russian,spark,искрить
English,Russian,coherent,ясный
English,Russian,leaf,лист
English,Russian,populate,населять
English,Russian,gather,собирать
English,Russian,apart,кроме
English,Russian,shipped,погружено
English,Russian,disposal,распоряжение
English,Russian,ancient,древний
English,Russian,darkest,самый темный
English,Russian,latter,последний
English,Russian,gangly,нескладный
English,Russian,sleepover,ночевкой
English,Russian,injuries,травмы
English,Russian,treated,рассматриваются
English,Russian,held out,протянул
English,Russian,bear,переносить
English,Russian,downer,зануда
English,Russian,straw,солома
English,Russian,backed,поддержке
English,Russian,justified,обоснованный
English,Russian,ubiquitous,вездесущий
English,Russian,spelling,правописание
English,Russian,disjunction,дизъюнкция
English,Russian,nerd,умник
English,Russian,treats,лечит
English,Russian,entrenched,укоренившийся
English,Russian,recapping,резюмируя
English,Russian,withstood,выдержали
English,Russian,leaves,листья
English,Russian,advisory,консультативный
English,Russian,maliciously,злонамеренно
English,Russian,intruder,нарушитель
English,Russian,flaws,недостатки
English,Russian,fruit of,плод
English,Russian,stuck with,застрял с
English,Russian,threats,угрозы
English,Russian,lack of,отсутствие
English,Russian,resides,проживает
English,Russian,controversial,спорный
English,Russian,implicit,неявный
English,Russian,tick,тиканье
English,Russian,quizzes,викторины
English,Russian,perplexity,сильное ощущение
English,Russian,perplexity,недоумение
English,Russian,assumption,предположение
English,Russian,quite,довольно
English,Russian,recap,резюмировать
English,Russian,dagger,кинжал
English,Russian,vocabulary,словарь
English,Russian,discounting,дисконтирование
English,Russian,syllabus,план
English,Russian,buried,похороненный
English,Russian,stick,придерживаться
English,Russian,Appreciate,ценить
English,Russian,quite,совсем
English,Russian,neck,шея
English,Russian,debilitating,ослабляющий
English,Russian,do you copy,ты меня слышишь
English,Russian,discovered,обнаруженный
English,Russian,hatch,люк
English,Russian,cargo,груз
English,Russian,cake,торт
English,Russian,handy,удобный
English,Russian,strengthened,усиленный
English,Russian,whereas,в то время как
English,Russian,slept,спал
English,Russian,exercise,осуществлять
English,Russian,clutter,беспорядок
English,Russian,cheaper,более дешевый
English,Russian,disenfranchised,бесправных
English,Russian,exhaustive,исчерпывающий
English,Russian,opinion,мнение
English,Russian,defensively,беззащитно
English,Russian,defensively,обороне
English,Russian,Acquaintance,знакомство
English,Russian,recoverable,возмещаемой
English,Russian,obliged,обязанный
English,Russian,Defend,защищать
English,Russian,ought,должен
English,Russian,beyond,за
English,Russian,decide,решать
English,Russian,observable,наблюдаемый
English,Russian,care,заботиться
English,Russian,query,запрос
English,Russian,consistency,согласованность
English,Russian,sensible,разумный
English,Russian,Obtaining,получение
English,Russian,applicable,применимый
English,Russian,persists,сохраняется
English,Russian,retrieve,извлекать
English,Russian,tremendously,чрезвычайно
English,Russian,fool,дурачить
English,Russian,responsive,отзывчивый
English,Russian,obey,подчиняться
English,Russian,put,класть
English,Russian,post,вывешивать
English,Russian,loan,заем
English,Russian,subset,подмножество
English,Russian,tightly,плотно
English,Russian,obtain,получать
English,Russian,impose,налагать
English,Russian,wherever,где
English,Russian,Gathering,сбор
English,Russian,comprise,включать
English,Russian,accidentally,случайно
English,Russian,thumb,большой палец руки
English,Russian,flat,плоский
English,Russian,toggle,переключать
English,Russian,prepend,предварять
English,Russian,Unobtrusively,Ненавязчиво
English,Russian,judgment,суждение
English,Russian,upset,расстраивать
English,Russian,till,до
English,Russian,bloody,кровавый
English,Russian,spare,жалеть
English,Russian,bored,скучающий
English,Russian,cipher,шифр
English,Russian,mundane,мирской
English,Russian,threat,угроза
English,Russian,clever,умный
English,Russian,dull,скучный
English,Russian,get off,слезть
English,Russian,victims,жертвы
English,Russian,aloud,вслух
English,Russian,skull,череп
English,Russian,hung on,висел на
English,Russian,hurry,торопить
English,Russian,habit,привычка
English,Russian,convex,выпуклый
English,Russian,habits,привычки
English,Russian,attached,прилагается
English,Russian,willing,готовый
English,Russian,footprint,след
English,Russian,not quite,не совсем так
English,Russian,certain,определенный
English,Russian,expire,истекать
English,Russian,strict,строгий
English,Russian,redundant,избыточный
English,Russian,fulfill,выполнять
English,Russian,tempted,искушенный
English,Russian,subverted,разрушать
English,Russian,end-run,управляемое концом
English,Russian,confined,ограниченный
English,Russian,Confinement,лишение свободы
English,Russian,blatant,вопиющий
English,Russian,escape,бежать
English,Russian,convenient,удобный
English,Russian,subsequently,впоследствии
English,Russian,fetch,получать
English,Russian,edible,съедобный
English,Russian,Stale,несвежий
English,Russian,weird,странный
English,Russian,counterintuitive,нелогичным
English,Russian,significant,значительный
English,Russian,lay,лежать
English,Russian,tension,напряженность
English,Russian,narrowing,уменьшение
English,Russian,cure,лечение
English,Russian,snapshot,снимок
English,Russian,subvert,ниспровергать
English,Russian,held,состоялся
English,Russian,reentrancy,реентерабельности
English,Russian,responsiveness,чувствительность
English,Russian,machinery,машины
English,Russian,acquire,приобретать
English,Russian,invert,инвертировать
English,Russian,slicing,нарезки
English,Russian,Intrinsic,внутренний
English,Russian,vulnerability,уязвимость
English,Russian,participate,участвовать
English,Russian,receive,получать
English,Russian,Whether,ли
English,Russian,vagaries,капризы
English,Russian,retaining,удерживающий
English,Russian,nip up,затяните его
English,Russian,stale,несвежий
English,Russian,susceptible,восприимчивый
English,Russian,influence,влиять
English,Russian,solely,исключительно
English,Russian,stem,стебель
English,Russian,cause,вызывать
English,Russian,behave,вести себя
English,Russian,confidence,уверенность
English,Russian,convince,убеждать
English,Russian,lack,отсутствие
English,Russian,suspiciously,с подозрением
English,Russian,downright,совершенно
English,Russian,tricky,хитрый
English,Russian,surrounding,близлежащий
English,Russian,dwarfed,карликовые
English,Russian,adhered,придерживался
English,Russian,odds with,расходится с
English,Russian,backward,назад
English,Russian,sake of,ради
English,Russian,retrofit,модифицировать
English,Russian,advice,совет
English,Russian,omits,опускает
English,Russian,consequences,последствия
English,Russian,encompasses,включает в себя
English,Russian,inherently,по существу
English,Russian,ripples,ряби
English,Russian,invariably,неизменно
English,Russian,contagious,заразный
English,Russian,insulate,изолировать
English,Russian,facilities,средства
English,Russian,housekeeping,домашнее хозяйство
English,Russian,burden on,нагрузки на
English,Russian,flush,заподлицо
English,Russian,inhibit,препятствовать
English,Russian,nevertheless,тем не менее
English,Russian,consumption,потребление
English,Russian,themselves,себя
English,Russian,starvation,голодание
English,Russian,permanently,постоянно
English,Russian,Liveness,Живучесть
English,Russian,gory,окровавленный
English,Russian,undermine,подрывать
English,Russian,absence of,отсутствие
English,Russian,confused,смущенный
English,Russian,tremendous,огромный
English,Russian,unlucky,неудачный
English,Russian,interleaving,чередования
English,Russian,compelling,неотразимый
English,Russian,sufficient,достаточный
English,Russian,absence,отсутствие
English,Russian,crawler,гусеничный
Russian,English,подтверждение,confirmation